Country,Store,Brand,Category,Range,Size,Packaging,Store Code,Link
Finland,Kesko,Terra Delyssa,Extra Virgin,Standard,250ML,BV,x,https://www.k-ruoka.fi/kauppa/tuote/terra-delyssa-evoo-250ml-6191509900701
Finland,Kesko,Terra Delyssa,Extra Virgin,BIO,250ML,BV,x,https://www.k-ruoka.fi/kauppa/tuote/terra-delyssa-evoo-250ml-luomu-6191509903030
Finland,Kesko,Terra Delyssa,Extra Virgin,BIO,500ML,BV,x,https://www.k-ruoka.fi/kauppa/tuote/terra-delyssa-evoo-500ml-luomu-6191509900862
Finland,Kesko,Terra Delyssa,Extra Virgin,Standard,500ML,BV,x,https://www.k-ruoka.fi/kauppa/tuote/terra-delyssa-evoo-500ml-6191509900688
Finland,Sok,Terra Delyssa,Extra Virgin,Standard,1L,BV,x,https://www.s-kaupat.fi/tuote/terra-delyssa-ekstra-neitsytoliivioljy-1000ml/6191509900664
Finland,Sok,Terra Delyssa,Extra Virgin,Standard,2L,PET,x,https://www.s-kaupat.fi/tuote/terra-delyssa-ekstra-neitsytoliivioljy-2000ml/6191509910380
Finland,Sok,Terra Delyssa,Extra Virgin,Standard,250ML,BV,x,https://www.s-kaupat.fi/tuote/terra-delyssa-ekstra-neitsytoliivioljy-250ml/6191509900701
Finland,Sok,Terra Delyssa,Extra Virgin,Standard,750ML,BV,x,https://www.s-kaupat.fi/tuote/terra-delyssa-ekstra-neitsytoliivioljy-750ml/6191509900671
Finland,Sok,Terra Delyssa,Extra Virgin,Standard,750ML,Refill,x,https://www.s-kaupat.fi/tuote/terra-delyssa-ekstra-neitsytoliivioljy-750ml-refill/6191509910700
Finland,Sok,Terra Delyssa,Extra Virgin,BIO,250ML,BV,x,https://www.s-kaupat.fi/tuote/terra-delyssa-ekstra-neitsytoliivioljy-luomu-250ml/6191509903030
Finland,Sok,Terra Delyssa,Extra Virgin,BIO,500ML,BV,x,https://www.s-kaupat.fi/tuote/terra-delyssa-ekstra-neitsytoliivioljy-luomu-500ml/6191509900862
Sweden,Ica,Terra Delyssa,Extra Virgin,Standard,1L,BV,1003425,https://handlaprivatkund.ica.se/stores/1003425/products/extra-virgin-olivolja-1l-terra-delyssa/2139395
Sweden,Ica,Terra Delyssa,Extra Virgin,Standard,1L,BV,1003688,https://handlaprivatkund.ica.se/stores/1003688/products/extra-virgin-olivolja-1l-terra-delyssa/2139395
Sweden,Ica,Terra Delyssa,Extra Virgin,Standard,1L,BV,1003777,https://handlaprivatkund.ica.se/stores/1003777/products/extra-virgin-olivolja-1l-terra-delyssa/2139395
Sweden,Citygross,Terra Delyssa,Extra Virgin,Standard,2L,PET,x,https://www.citygross.se/matvaror/skafferiet/kryddor-och-smaksattare/terra-delyssa-extra-virgin-olivolja-p101502390_ST
Sweden,Citygross,Terra Delyssa,Extra Virgin,Standard,500ML,BV,x,https://www.citygross.se/matvaror/skafferiet/kryddor-och-smaksattare/terra-delyssa-olivolja-extra-virgin-p101442285_ST
Sweden,Citygross,Terra Delyssa,Extra Virgin,Standard,1L,BV,x,https://www.citygross.se/matvaror/skafferiet/kryddor-och-smaksattare/terra-delyssa-olivolja-extra-virgin-p101442319_ST
Sweden,Citygross,Terra Delyssa,Extra Virgin,Standard,250ML,BV,x,https://www.citygross.se/matvaror/skafferiet/kryddor-och-smaksattare/terra-delyssa-olivolja-p101502387_ST
Sweden,Coop,Terra Delyssa,Extra Virgin,Standard,250ML,BV,x,https://www.coop.se/handla/varor/kryddor-smaksattare/olja-vinager/olivolja/olivolja-6191509900701
Sweden,Coop,Terra Delyssa,Extra Virgin,Standard,500ML,BV,x,https://www.coop.se/handla/varor/kryddor-smaksattare/olja-vinager/olivolja/olivolja-6191509900688
Sweden,Coop,Terra Delyssa,Extra Virgin,Standard,2L,PET,x,https://www.coop.se/handla/varor/kryddor-smaksattare/olja-vinager/olivolja/olivolja-6191509910380
Sweden,Coop,Terra Delyssa,Extra Virgin,Standard,1L,BV,x,https://www.coop.se/handla/varor/kryddor-och-smaksattare/olja-vinager/olivolja/olivolja-extra-virgin-6191509900664
Sweden,Coop,Terra Delyssa,Extra Virgin,Standard,750ML,BV,x,https://www.coop.se/handla/varor/kryddor-och-smaksattare/olja-vinager/olivolja/olivolja-extra-virgin-6191509900671
